"nom","groupe_musculaire","muscles_secondaires","type","materiel","niveau","description","conseils","image"
"Développé couché","Pectoraux","Triceps; Deltoïdes antérieurs","polyarticulaire","Barre","intermédiaire","Développé couché est un exercice de pectoraux réalisé avec barre. Le mouvement doit rester contrôlé, avec une posture stable et une amplitude adaptée au niveau intermédiaire.","Gardez une posture stable et contrôlée Respirez de façon régulière pendant le mouvement Privilégiez une exécution propre plutôt qu’une charge trop lourde","images/developpe-couche.png"
"Développé couché haltères","Pectoraux","Triceps; Deltoïdes antérieurs","polyarticulaire","Haltères","intermédiaire","Développé couché haltères est un exercice de pectoraux réalisé avec haltères. Le mouvement doit rester contrôlé, avec une posture stable et une amplitude adaptée au niveau intermédiaire.","Gardez une posture stable et contrôlée Respirez de façon régulière pendant le mouvement Privilégiez une exécution propre plutôt qu’une charge trop lourde","images/developpe-couche-halteres.png"
"Développé incliné barre","Pectoraux","Dentelé antérieur","polyarticulaire","Barre","intermédiaire","Développé incliné barre est un exercice de pectoraux réalisé avec barre. Le mouvement doit rester contrôlé, avec une posture stable et une amplitude adaptée au niveau intermédiaire.","Gardez une posture stable et contrôlée Respirez de façon régulière pendant le mouvement Privilégiez une exécution propre plutôt qu’une charge trop lourde","images/developpe-incline-barre.png"
"Développé incliné haltères","Pectoraux","Dentelé antérieur","polyarticulaire","Haltères","intermédiaire","Développé incliné haltères est un exercice de pectoraux réalisé avec haltères. Le mouvement doit rester contrôlé, avec une posture stable et une amplitude adaptée au niveau intermédiaire.","Gardez une posture stable et contrôlée Respirez de façon régulière pendant le mouvement Privilégiez une exécution propre plutôt qu’une charge trop lourde","images/developpe-incline-halteres.png"
"Développé décliné","Pectoraux","Deltoïdes antérieurs","polyarticulaire","Barre / haltères","intermédiaire","Développé décliné est un exercice de pectoraux réalisé avec barre / haltères. Le mouvement doit rester contrôlé, avec une posture stable et une amplitude adaptée au niveau intermédiaire.","Gardez une posture stable et contrôlée Respirez de façon régulière pendant le mouvement Privilégiez une exécution propre plutôt qu’une charge trop lourde","images/developpe-decline.png"
"Pompes classiques","Pectoraux","Triceps; Deltoïdes antérieurs","polyarticulaire","Poids du corps","débutant","Pompes classiques est un exercice de pectoraux réalisé avec poids du corps. Le mouvement doit rester contrôlé, avec une posture stable et une amplitude adaptée au niveau débutant.","Gardez une posture stable et contrôlée Respirez de façon régulière pendant le mouvement Privilégiez une exécution propre plutôt qu’une charge trop lourde","images/pompes-classiques.png"
"Pompes inclinées","Pectoraux","Dentelé antérieur","polyarticulaire","Poids du corps","débutant","Pompes inclinées est un exercice de pectoraux réalisé avec poids du corps. Le mouvement doit rester contrôlé, avec une posture stable et une amplitude adaptée au niveau débutant.","Gardez une posture stable et contrôlée Respirez de façon régulière pendant le mouvement Privilégiez une exécution propre plutôt qu’une charge trop lourde","images/pompes-inclinees.png"
"Pompes déclinées","Pectoraux","Deltoïdes antérieurs","polyarticulaire","Poids du corps","intermédiaire","Pompes déclinées est un exercice de pectoraux réalisé avec poids du corps. Le mouvement doit rester contrôlé, avec une posture stable et une amplitude adaptée au niveau intermédiaire.","Gardez une posture stable et contrôlée Respirez de façon régulière pendant le mouvement Privilégiez une exécution propre plutôt qu’une charge trop lourde","images/pompes-declinees.png"
"Pompes diamant","Pectoraux","Deltoïdes antérieurs; Abdominaux","polyarticulaire","Poids du corps","intermédiaire","Pompes diamant est un exercice de pectoraux réalisé avec poids du corps. Le mouvement doit rester contrôlé, avec une posture stable et une amplitude adaptée au niveau intermédiaire.","Gardez une posture stable et contrôlée Respirez de façon régulière pendant le mouvement Privilégiez une exécution propre plutôt qu’une charge trop lourde","images/pompes-diamant-pectoraux.png"
"Pompes explosives","Pectoraux","Triceps; Deltoïdes antérieurs","polyarticulaire","Poids du corps","avancé","Pompes explosives est un exercice de pectoraux réalisé avec poids du corps. Le mouvement doit rester contrôlé, avec une posture stable et une amplitude adaptée au niveau avancé.","Gardez une posture stable et contrôlée Respirez de façon régulière pendant le mouvement Privilégiez une exécution propre plutôt qu’une charge trop lourde","images/pompes-explosives.png"
"Écarté couché haltères","Pectoraux","Deltoïdes antérieurs","isolation","Haltères","intermédiaire","Écarté couché haltères est un exercice de pectoraux réalisé avec haltères. Le mouvement doit rester contrôlé, avec une posture stable et une amplitude adaptée au niveau intermédiaire.","Gardez une posture stable et contrôlée Respirez de façon régulière pendant le mouvement Privilégiez une exécution propre plutôt qu’une charge trop lourde","images/ecarte-couche-halteres.png"
"Écarté incliné haltères","Pectoraux","Dentelé antérieur","polyarticulaire","Haltères","intermédiaire","Écarté incliné haltères est un exercice de pectoraux réalisé avec haltères. Le mouvement doit rester contrôlé, avec une posture stable et une amplitude adaptée au niveau intermédiaire.","Gardez une posture stable et contrôlée Respirez de façon régulière pendant le mouvement Privilégiez une exécution propre plutôt qu’une charge trop lourde","images/ecarte-incline-halteres.png"
"Écarté à la poulie","Pectoraux","Deltoïdes antérieurs","isolation","Poulie","intermédiaire","Écarté à la poulie est un exercice de pectoraux réalisé avec poulie. Le mouvement doit rester contrôlé, avec une posture stable et une amplitude adaptée au niveau intermédiaire.","Gardez une posture stable et contrôlée Respirez de façon régulière pendant le mouvement Privilégiez une exécution propre plutôt qu’une charge trop lourde","images/ecarte-a-la-poulie.png"
"Pec deck","Pectoraux","Deltoïdes antérieurs","isolation","Machine","débutant","Pec deck est un exercice de pectoraux réalisé avec machine. Le mouvement doit rester contrôlé, avec une posture stable et une amplitude adaptée au niveau débutant.","Gardez une posture stable et contrôlée Respirez de façon régulière pendant le mouvement Privilégiez une exécution propre plutôt qu’une charge trop lourde","images/pec-deck.png"
"Dips buste penché","Pectoraux","Deltoïdes antérieurs","polyarticulaire","Barres parallèles","intermédiaire","Dips buste penché est un exercice de pectoraux réalisé avec barres parallèles. Le mouvement doit rester contrôlé, avec une posture stable et une amplitude adaptée au niveau intermédiaire.","Gardez une posture stable et contrôlée Respirez de façon régulière pendant le mouvement Privilégiez une exécution propre plutôt qu’une charge trop lourde","images/dips-buste-penche.png"
"Pull-over haltère","Pectoraux","Triceps long; Dentelé antérieur","isolation","Haltère","intermédiaire","Pull-over haltère est un exercice de pectoraux réalisé avec haltère. Le mouvement doit rester contrôlé, avec une posture stable et une amplitude adaptée au niveau intermédiaire.","Gardez une posture stable et contrôlée Respirez de façon régulière pendant le mouvement Privilégiez une exécution propre plutôt qu’une charge trop lourde","images/pull-over-haltere.png"
"Chest press","Pectoraux","Triceps; Deltoïdes antérieurs","polyarticulaire","Machine","débutant","Chest press est un exercice de pectoraux réalisé avec machine. Le mouvement doit rester contrôlé, avec une posture stable et une amplitude adaptée au niveau débutant.","Gardez une posture stable et contrôlée Respirez de façon régulière pendant le mouvement Privilégiez une exécution propre plutôt qu’une charge trop lourde","images/chest-press.png"
"Svend press","Pectoraux","Triceps; Deltoïdes antérieurs","polyarticulaire","Disque","débutant","Svend press est un exercice de pectoraux réalisé avec disque. Le mouvement doit rester contrôlé, avec une posture stable et une amplitude adaptée au niveau débutant.","Gardez une posture stable et contrôlée Respirez de façon régulière pendant le mouvement Privilégiez une exécution propre plutôt qu’une charge trop lourde","images/svend-press.png"
"Tractions pronation","Dos","Rhomboïdes; Trapèzes; Avant-bras","polyarticulaire","Barre de traction","intermédiaire","Tractions pronation est un exercice de dos réalisé avec barre de traction. Le mouvement doit rester contrôlé, avec une posture stable et une amplitude adaptée au niveau intermédiaire.","Gardez une posture stable et contrôlée Respirez de façon régulière pendant le mouvement Privilégiez une exécution propre plutôt qu’une charge trop lourde","images/tractions-pronation.png"
"Tractions supination","Dos","Rhomboïdes; Trapèzes; Avant-bras","polyarticulaire","Barre de traction","intermédiaire","Tractions supination est un exercice de dos réalisé avec barre de traction. Le mouvement doit rester contrôlé, avec une posture stable et une amplitude adaptée au niveau intermédiaire.","Gardez une posture stable et contrôlée Respirez de façon régulière pendant le mouvement Privilégiez une exécution propre plutôt qu’une charge trop lourde","images/tractions-supination-dos.png"
"Tractions prise neutre","Dos","Rhomboïdes; Trapèzes; Avant-bras","polyarticulaire","Barre de traction","intermédiaire","Tractions prise neutre est un exercice de dos réalisé avec barre de traction. Le mouvement doit rester contrôlé, avec une posture stable et une amplitude adaptée au niveau intermédiaire.","Gardez une posture stable et contrôlée Respirez de façon régulière pendant le mouvement Privilégiez une exécution propre plutôt qu’une charge trop lourde","images/tractions-prise-neutre.png"
"Tractions assistées","Dos","Rhomboïdes; Trapèzes; Avant-bras","polyarticulaire","Machine / élastique","débutant","Tractions assistées est un exercice de dos réalisé avec machine / élastique. Le mouvement doit rester contrôlé, avec une posture stable et une amplitude adaptée au niveau débutant.","Gardez une posture stable et contrôlée Respirez de façon régulière pendant le mouvement Privilégiez une exécution propre plutôt qu’une charge trop lourde","images/tractions-assistees.png"
"Tirage vertical poitrine","Dos","Rhomboïdes; Trapèzes; Avant-bras","polyarticulaire","Poulie","débutant","Tirage vertical poitrine est un exercice de dos réalisé avec poulie. Le mouvement doit rester contrôlé, avec une posture stable et une amplitude adaptée au niveau débutant.","Gardez une posture stable et contrôlée Respirez de façon régulière pendant le mouvement Privilégiez une exécution propre plutôt qu’une charge trop lourde","images/tirage-vertical-poitrine.png"
"Tirage vertical prise serrée","Dos","Rhomboïdes; Trapèzes; Avant-bras","polyarticulaire","Poulie","débutant","Tirage vertical prise serrée est un exercice de dos réalisé avec poulie. Le mouvement doit rester contrôlé, avec une posture stable et une amplitude adaptée au niveau débutant.","Gardez une posture stable et contrôlée Respirez de façon régulière pendant le mouvement Privilégiez une exécution propre plutôt qu’une charge trop lourde","images/tirage-vertical-prise-serree.png"
"Rowing barre","Dos","Biceps; Deltoïdes postérieurs; Avant-bras","polyarticulaire","Barre","intermédiaire","Rowing barre est un exercice de dos réalisé avec barre. Le mouvement doit rester contrôlé, avec une posture stable et une amplitude adaptée au niveau intermédiaire.","Gardez une posture stable et contrôlée Respirez de façon régulière pendant le mouvement Privilégiez une exécution propre plutôt qu’une charge trop lourde","images/rowing-barre.png"
"Rowing haltère unilatéral","Dos","Biceps; Deltoïdes postérieurs; Avant-bras","polyarticulaire","Haltère","débutant","Rowing haltère unilatéral est un exercice de dos réalisé avec haltère. Le mouvement doit rester contrôlé, avec une posture stable et une amplitude adaptée au niveau débutant.","Gardez une posture stable et contrôlée Respirez de façon régulière pendant le mouvement Privilégiez une exécution propre plutôt qu’une charge trop lourde","images/rowing-haltere-unilateral.png"
"Rowing T-bar","Dos","Biceps; Deltoïdes postérieurs; Avant-bras","polyarticulaire","Machine / barre","intermédiaire","Rowing T-bar est un exercice de dos réalisé avec machine / barre. Le mouvement doit rester contrôlé, avec une posture stable et une amplitude adaptée au niveau intermédiaire.","Gardez une posture stable et contrôlée Respirez de façon régulière pendant le mouvement Privilégiez une exécution propre plutôt qu’une charge trop lourde","images/rowing-t-bar.png"
"Rowing assis poulie basse","Dos","Biceps; Deltoïdes postérieurs; Avant-bras","polyarticulaire","Poulie","débutant","Rowing assis poulie basse est un exercice de dos réalisé avec poulie. Le mouvement doit rester contrôlé, avec une posture stable et une amplitude adaptée au niveau débutant.","Gardez une posture stable et contrôlée Respirez de façon régulière pendant le mouvement Privilégiez une exécution propre plutôt qu’une charge trop lourde","images/rowing-assis-poulie-basse.png"
"Rowing machine","Dos","Biceps; Deltoïdes postérieurs; Avant-bras","polyarticulaire","Machine","débutant","Rowing machine est un exercice de dos réalisé avec machine. Le mouvement doit rester contrôlé, avec une posture stable et une amplitude adaptée au niveau débutant.","Gardez une posture stable et contrôlée Respirez de façon régulière pendant le mouvement Privilégiez une exécution propre plutôt qu’une charge trop lourde","images/rowing-machine.png"
"Tirage bras tendus","Dos","Biceps; Rhomboïdes; Avant-bras","polyarticulaire","Poulie","intermédiaire","Tirage bras tendus est un exercice de dos réalisé avec poulie. Le mouvement doit rester contrôlé, avec une posture stable et une amplitude adaptée au niveau intermédiaire.","Gardez une posture stable et contrôlée Respirez de façon régulière pendant le mouvement Privilégiez une exécution propre plutôt qu’une charge trop lourde","images/tirage-bras-tendus.png"
"Soulevé de terre","Dos","Lombaires; Trapèzes; Avant-bras; Abdominaux","polyarticulaire","Barre","avancé","Soulevé de terre est un exercice de dos réalisé avec barre. Le mouvement doit rester contrôlé, avec une posture stable et une amplitude adaptée au niveau avancé.","Gardez une posture stable et contrôlée Respirez de façon régulière pendant le mouvement Privilégiez une exécution propre plutôt qu’une charge trop lourde","images/souleve-de-terre.png"
"Soulevé de terre roumain","Dos","Lombaires; Adducteurs; Abdominaux","polyarticulaire","Barre / haltères","intermédiaire","Soulevé de terre roumain est un exercice de dos réalisé avec barre / haltères. Le mouvement doit rester contrôlé, avec une posture stable et une amplitude adaptée au niveau intermédiaire.","Gardez une posture stable et contrôlée Respirez de façon régulière pendant le mouvement Privilégiez une exécution propre plutôt qu’une charge trop lourde","images/souleve-de-terre-roumain-dos.png"
"Extensions lombaires","Dos","Fessiers; Ischio-jambiers","isolation","Banc lombaire","débutant","Extensions lombaires est un exercice de dos réalisé avec banc lombaire. Le mouvement doit rester contrôlé, avec une posture stable et une amplitude adaptée au niveau débutant.","Gardez une posture stable et contrôlée Respirez de façon régulière pendant le mouvement Privilégiez une exécution propre plutôt qu’une charge trop lourde","images/extensions-lombaires.png"
"Superman","Dos","Fessiers; Ischio-jambiers","isolation","Poids du corps","débutant","Superman est un exercice de dos réalisé avec poids du corps. Le mouvement doit rester contrôlé, avec une posture stable et une amplitude adaptée au niveau débutant.","Gardez une posture stable et contrôlée Respirez de façon régulière pendant le mouvement Privilégiez une exécution propre plutôt qu’une charge trop lourde","images/superman.png"
"Face pull","Dos","Rhomboïdes; Rotateurs externes","isolation","Poulie / élastique","débutant","Face pull est un exercice de dos réalisé avec poulie / élastique. Le mouvement doit rester contrôlé, avec une posture stable et une amplitude adaptée au niveau débutant.","Gardez une posture stable et contrôlée Respirez de façon régulière pendant le mouvement Privilégiez une exécution propre plutôt qu’une charge trop lourde","images/face-pull-dos.png"
"Shrugs","Dos","Avant-bras","isolation","Barre / haltères","débutant","Shrugs est un exercice de dos réalisé avec barre / haltères. Le mouvement doit rester contrôlé, avec une posture stable et une amplitude adaptée au niveau débutant.","Gardez une posture stable et contrôlée Respirez de façon régulière pendant le mouvement Privilégiez une exécution propre plutôt qu’une charge trop lourde","images/shrugs.png"
"Pull-over poulie","Dos","Triceps long; Dentelé antérieur","isolation","Poulie","intermédiaire","Pull-over poulie est un exercice de dos réalisé avec poulie. Le mouvement doit rester contrôlé, avec une posture stable et une amplitude adaptée au niveau intermédiaire.","Gardez une posture stable et contrôlée Respirez de façon régulière pendant le mouvement Privilégiez une exécution propre plutôt qu’une charge trop lourde","images/pull-over-poulie.png"
"Développé militaire","Épaules","Triceps; Trapèzes","polyarticulaire","Barre","intermédiaire","Développé militaire est un exercice de épaules réalisé avec barre. Le mouvement doit rester contrôlé, avec une posture stable et une amplitude adaptée au niveau intermédiaire.","Gardez une posture stable et contrôlée Respirez de façon régulière pendant le mouvement Privilégiez une exécution propre plutôt qu’une charge trop lourde","images/developpe-militaire.png"
"Développé épaules haltères","Épaules","Triceps; Trapèzes","polyarticulaire","Haltères","débutant","Développé épaules haltères est un exercice de épaules réalisé avec haltères. Le mouvement doit rester contrôlé, avec une posture stable et une amplitude adaptée au niveau débutant.","Gardez une posture stable et contrôlée Respirez de façon régulière pendant le mouvement Privilégiez une exécution propre plutôt qu’une charge trop lourde","images/developpe-epaules-halteres.png"
"Shoulder press","Épaules","Triceps; Trapèzes","polyarticulaire","Machine","débutant","Shoulder press est un exercice de épaules réalisé avec machine. Le mouvement doit rester contrôlé, avec une posture stable et une amplitude adaptée au niveau débutant.","Gardez une posture stable et contrôlée Respirez de façon régulière pendant le mouvement Privilégiez une exécution propre plutôt qu’une charge trop lourde","images/shoulder-press.png"
"Arnold press","Épaules","Triceps; Trapèzes","polyarticulaire","Haltères","intermédiaire","Arnold press est un exercice de épaules réalisé avec haltères. Le mouvement doit rester contrôlé, avec une posture stable et une amplitude adaptée au niveau intermédiaire.","Gardez une posture stable et contrôlée Respirez de façon régulière pendant le mouvement Privilégiez une exécution propre plutôt qu’une charge trop lourde","images/arnold-press.png"
"Élévations latérales","Épaules","Trapèzes supérieurs","isolation","Haltères","débutant","Élévations latérales est un exercice de épaules réalisé avec haltères. Le mouvement doit rester contrôlé, avec une posture stable et une amplitude adaptée au niveau débutant.","Gardez une posture stable et contrôlée Respirez de façon régulière pendant le mouvement Privilégiez une exécution propre plutôt qu’une charge trop lourde","images/elevations-laterales.png"
"Élévations latérales poulie","Épaules","Trapèzes supérieurs","isolation","Poulie","intermédiaire","Élévations latérales poulie est un exercice de épaules réalisé avec poulie. Le mouvement doit rester contrôlé, avec une posture stable et une amplitude adaptée au niveau intermédiaire.","Gardez une posture stable et contrôlée Respirez de façon régulière pendant le mouvement Privilégiez une exécution propre plutôt qu’une charge trop lourde","images/elevations-laterales-poulie.png"
"Élévations frontales","Épaules","Pectoraux supérieurs","isolation","Haltères / disque","débutant","Élévations frontales est un exercice de épaules réalisé avec haltères / disque. Le mouvement doit rester contrôlé, avec une posture stable et une amplitude adaptée au niveau débutant.","Gardez une posture stable et contrôlée Respirez de façon régulière pendant le mouvement Privilégiez une exécution propre plutôt qu’une charge trop lourde","images/elevations-frontales.png"
"Oiseau haltères","Épaules","Trapèzes moyens; Rhomboïdes","isolation","Haltères","débutant","Oiseau haltères est un exercice de épaules réalisé avec haltères. Le mouvement doit rester contrôlé, avec une posture stable et une amplitude adaptée au niveau débutant.","Gardez une posture stable et contrôlée Respirez de façon régulière pendant le mouvement Privilégiez une exécution propre plutôt qu’une charge trop lourde","images/oiseau-halteres.png"
"Oiseau sur banc incliné","Épaules","Dentelé antérieur","polyarticulaire","Haltères","débutant","Oiseau sur banc incliné est un exercice de épaules réalisé avec haltères. Le mouvement doit rester contrôlé, avec une posture stable et une amplitude adaptée au niveau débutant.","Gardez une posture stable et contrôlée Respirez de façon régulière pendant le mouvement Privilégiez une exécution propre plutôt qu’une charge trop lourde","images/oiseau-sur-banc-incline.png"
"Reverse pec deck","Épaules","Deltoïdes antérieurs","isolation","Machine","débutant","Reverse pec deck est un exercice de épaules réalisé avec machine. Le mouvement doit rester contrôlé, avec une posture stable et une amplitude adaptée au niveau débutant.","Gardez une posture stable et contrôlée Respirez de façon régulière pendant le mouvement Privilégiez une exécution propre plutôt qu’une charge trop lourde","images/reverse-pec-deck.png"
"Face pull","Épaules","Rhomboïdes; Rotateurs externes","isolation","Poulie / élastique","débutant","Face pull est un exercice de épaules réalisé avec poulie / élastique. Le mouvement doit rester contrôlé, avec une posture stable et une amplitude adaptée au niveau débutant.","Gardez une posture stable et contrôlée Respirez de façon régulière pendant le mouvement Privilégiez une exécution propre plutôt qu’une charge trop lourde","images/face-pull-epaules.png"
"Upright row","Épaules","Biceps","polyarticulaire","Barre / haltères","intermédiaire","Upright row est un exercice de épaules réalisé avec barre / haltères. Le mouvement doit rester contrôlé, avec une posture stable et une amplitude adaptée au niveau intermédiaire.","Gardez une posture stable et contrôlée Respirez de façon régulière pendant le mouvement Privilégiez une exécution propre plutôt qu’une charge trop lourde","images/upright-row.png"
"Pike push-up","Épaules","Pectoraux supérieurs; Abdominaux","polyarticulaire","Poids du corps","intermédiaire","Pike push-up est un exercice de épaules réalisé avec poids du corps. Le mouvement doit rester contrôlé, avec une posture stable et une amplitude adaptée au niveau intermédiaire.","Gardez une posture stable et contrôlée Respirez de façon régulière pendant le mouvement Privilégiez une exécution propre plutôt qu’une charge trop lourde","images/pike-push-up.png"
"Handstand push-up","Épaules","Pectoraux supérieurs; Abdominaux","polyarticulaire","Poids du corps","avancé","Handstand push-up est un exercice de épaules réalisé avec poids du corps. Le mouvement doit rester contrôlé, avec une posture stable et une amplitude adaptée au niveau avancé.","Gardez une posture stable et contrôlée Respirez de façon régulière pendant le mouvement Privilégiez une exécution propre plutôt qu’une charge trop lourde","images/handstand-push-up.png"
"Cuban press","Épaules","Deltoïdes postérieurs","isolation","Haltères légers","intermédiaire","Cuban press est un exercice de épaules réalisé avec haltères légers. Le mouvement doit rester contrôlé, avec une posture stable et une amplitude adaptée au niveau intermédiaire.","Gardez une posture stable et contrôlée Respirez de façon régulière pendant le mouvement Privilégiez une exécution propre plutôt qu’une charge trop lourde","images/cuban-press.png"
"Rotation externe épaule","Épaules","Deltoïdes postérieurs","isolation","Élastique / poulie","débutant","Rotation externe épaule est un exercice de épaules réalisé avec élastique / poulie. Le mouvement doit rester contrôlé, avec une posture stable et une amplitude adaptée au niveau débutant.","Gardez une posture stable et contrôlée Respirez de façon régulière pendant le mouvement Privilégiez une exécution propre plutôt qu’une charge trop lourde","images/rotation-externe-epaule.png"
"Curl barre droite","Biceps","Avant-bras","isolation","Barre","débutant","Curl barre droite est un exercice de biceps réalisé avec barre. Le mouvement doit rester contrôlé, avec une posture stable et une amplitude adaptée au niveau débutant.","Gardez une posture stable et contrôlée Respirez de façon régulière pendant le mouvement Privilégiez une exécution propre plutôt qu’une charge trop lourde","images/curl-barre-droite.png"
"Curl barre EZ","Biceps","Avant-bras","isolation","Barre EZ","débutant","Curl barre EZ est un exercice de biceps réalisé avec barre ez. Le mouvement doit rester contrôlé, avec une posture stable et une amplitude adaptée au niveau débutant.","Gardez une posture stable et contrôlée Respirez de façon régulière pendant le mouvement Privilégiez une exécution propre plutôt qu’une charge trop lourde","images/curl-barre-ez.png"
"Curl haltères alterné","Biceps","Avant-bras","isolation","Haltères","débutant","Curl haltères alterné est un exercice de biceps réalisé avec haltères. Le mouvement doit rester contrôlé, avec une posture stable et une amplitude adaptée au niveau débutant.","Gardez une posture stable et contrôlée Respirez de façon régulière pendant le mouvement Privilégiez une exécution propre plutôt qu’une charge trop lourde","images/curl-halteres-alterne.png"
"Curl marteau","Biceps","Avant-bras","isolation","Haltères","débutant","Curl marteau est un exercice de biceps réalisé avec haltères. Le mouvement doit rester contrôlé, avec une posture stable et une amplitude adaptée au niveau débutant.","Gardez une posture stable et contrôlée Respirez de façon régulière pendant le mouvement Privilégiez une exécution propre plutôt qu’une charge trop lourde","images/curl-marteau.png"
"Curl incliné","Biceps","Dentelé antérieur","polyarticulaire","Haltères","intermédiaire","Curl incliné est un exercice de biceps réalisé avec haltères. Le mouvement doit rester contrôlé, avec une posture stable et une amplitude adaptée au niveau intermédiaire.","Gardez une posture stable et contrôlée Respirez de façon régulière pendant le mouvement Privilégiez une exécution propre plutôt qu’une charge trop lourde","images/curl-incline.png"
"Curl concentration","Biceps","Avant-bras","isolation","Haltère","débutant","Curl concentration est un exercice de biceps réalisé avec haltère. Le mouvement doit rester contrôlé, avec une posture stable et une amplitude adaptée au niveau débutant.","Gardez une posture stable et contrôlée Respirez de façon régulière pendant le mouvement Privilégiez une exécution propre plutôt qu’une charge trop lourde","images/curl-concentration.png"
"Curl pupitre","Biceps","Avant-bras","isolation","Barre / machine","débutant","Curl pupitre est un exercice de biceps réalisé avec barre / machine. Le mouvement doit rester contrôlé, avec une posture stable et une amplitude adaptée au niveau débutant.","Gardez une posture stable et contrôlée Respirez de façon régulière pendant le mouvement Privilégiez une exécution propre plutôt qu’une charge trop lourde","images/curl-pupitre.png"
"Curl poulie basse","Biceps","Avant-bras","isolation","Poulie","débutant","Curl poulie basse est un exercice de biceps réalisé avec poulie. Le mouvement doit rester contrôlé, avec une posture stable et une amplitude adaptée au niveau débutant.","Gardez une posture stable et contrôlée Respirez de façon régulière pendant le mouvement Privilégiez une exécution propre plutôt qu’une charge trop lourde","images/curl-poulie-basse.png"
"Curl câble unilatéral","Biceps","Avant-bras","isolation","Poulie","débutant","Curl câble unilatéral est un exercice de biceps réalisé avec poulie. Le mouvement doit rester contrôlé, avec une posture stable et une amplitude adaptée au niveau débutant.","Gardez une posture stable et contrôlée Respirez de façon régulière pendant le mouvement Privilégiez une exécution propre plutôt qu’une charge trop lourde","images/curl-cable-unilateral.png"
"Curl spider","Biceps","Avant-bras","isolation","Barre / haltères","intermédiaire","Curl spider est un exercice de biceps réalisé avec barre / haltères. Le mouvement doit rester contrôlé, avec une posture stable et une amplitude adaptée au niveau intermédiaire.","Gardez une posture stable et contrôlée Respirez de façon régulière pendant le mouvement Privilégiez une exécution propre plutôt qu’une charge trop lourde","images/curl-spider.png"
"Tractions supination","Biceps","Rhomboïdes; Trapèzes; Avant-bras","polyarticulaire","Barre de traction","intermédiaire","Tractions supination est un exercice de biceps réalisé avec barre de traction. Le mouvement doit rester contrôlé, avec une posture stable et une amplitude adaptée au niveau intermédiaire.","Gardez une posture stable et contrôlée Respirez de façon régulière pendant le mouvement Privilégiez une exécution propre plutôt qu’une charge trop lourde","images/tractions-supination-biceps.png"
"Curl Zottman","Biceps","Avant-bras","isolation","Haltères","intermédiaire","Curl Zottman est un exercice de biceps réalisé avec haltères. Le mouvement doit rester contrôlé, avec une posture stable et une amplitude adaptée au niveau intermédiaire.","Gardez une posture stable et contrôlée Respirez de façon régulière pendant le mouvement Privilégiez une exécution propre plutôt qu’une charge trop lourde","images/curl-zottman.png"
"Curl inversé","Biceps","Avant-bras","isolation","Barre / haltères","intermédiaire","Curl inversé est un exercice de biceps réalisé avec barre / haltères. Le mouvement doit rester contrôlé, avec une posture stable et une amplitude adaptée au niveau intermédiaire.","Gardez une posture stable et contrôlée Respirez de façon régulière pendant le mouvement Privilégiez une exécution propre plutôt qu’une charge trop lourde","images/curl-inverse-biceps.png"
"Extension triceps poulie corde","Triceps","Avant-bras","isolation","Poulie","débutant","Extension triceps poulie corde est un exercice de triceps réalisé avec poulie. Le mouvement doit rester contrôlé, avec une posture stable et une amplitude adaptée au niveau débutant.","Gardez une posture stable et contrôlée Respirez de façon régulière pendant le mouvement Privilégiez une exécution propre plutôt qu’une charge trop lourde","images/extension-triceps-poulie-corde.png"
"Extension triceps poulie barre","Triceps","Avant-bras","isolation","Poulie","débutant","Extension triceps poulie barre est un exercice de triceps réalisé avec poulie. Le mouvement doit rester contrôlé, avec une posture stable et une amplitude adaptée au niveau débutant.","Gardez une posture stable et contrôlée Respirez de façon régulière pendant le mouvement Privilégiez une exécution propre plutôt qu’une charge trop lourde","images/extension-triceps-poulie-barre.png"
"Extension nuque haltère","Triceps","Avant-bras","isolation","Haltère","débutant","Extension nuque haltère est un exercice de triceps réalisé avec haltère. Le mouvement doit rester contrôlé, avec une posture stable et une amplitude adaptée au niveau débutant.","Gardez une posture stable et contrôlée Respirez de façon régulière pendant le mouvement Privilégiez une exécution propre plutôt qu’une charge trop lourde","images/extension-nuque-haltere.png"
"Extension nuque barre EZ","Triceps","Avant-bras","isolation","Barre EZ","intermédiaire","Extension nuque barre EZ est un exercice de triceps réalisé avec barre ez. Le mouvement doit rester contrôlé, avec une posture stable et une amplitude adaptée au niveau intermédiaire.","Gardez une posture stable et contrôlée Respirez de façon régulière pendant le mouvement Privilégiez une exécution propre plutôt qu’une charge trop lourde","images/extension-nuque-barre-ez.png"
"Barre au front","Triceps","Avant-bras","isolation","Barre EZ","intermédiaire","Barre au front est un exercice de triceps réalisé avec barre ez. Le mouvement doit rester contrôlé, avec une posture stable et une amplitude adaptée au niveau intermédiaire.","Gardez une posture stable et contrôlée Respirez de façon régulière pendant le mouvement Privilégiez une exécution propre plutôt qu’une charge trop lourde","images/barre-au-front.png"
"Kickback triceps","Triceps","Avant-bras","isolation","Haltères","débutant","Kickback triceps est un exercice de triceps réalisé avec haltères. Le mouvement doit rester contrôlé, avec une posture stable et une amplitude adaptée au niveau débutant.","Gardez une posture stable et contrôlée Respirez de façon régulière pendant le mouvement Privilégiez une exécution propre plutôt qu’une charge trop lourde","images/kickback-triceps.png"
"Dips triceps","Triceps","Pectoraux; Deltoïdes antérieurs","polyarticulaire","Banc / barres","intermédiaire","Dips triceps est un exercice de triceps réalisé avec banc / barres. Le mouvement doit rester contrôlé, avec une posture stable et une amplitude adaptée au niveau intermédiaire.","Gardez une posture stable et contrôlée Respirez de façon régulière pendant le mouvement Privilégiez une exécution propre plutôt qu’une charge trop lourde","images/dips-triceps.png"
"Pompes diamant","Triceps","Deltoïdes antérieurs; Abdominaux","polyarticulaire","Poids du corps","intermédiaire","Pompes diamant est un exercice de triceps réalisé avec poids du corps. Le mouvement doit rester contrôlé, avec une posture stable et une amplitude adaptée au niveau intermédiaire.","Gardez une posture stable et contrôlée Respirez de façon régulière pendant le mouvement Privilégiez une exécution propre plutôt qu’une charge trop lourde","images/pompes-diamant-triceps.png"
"Développé couché prise serrée","Triceps","Triceps; Deltoïdes antérieurs","polyarticulaire","Barre","intermédiaire","Développé couché prise serrée est un exercice de triceps réalisé avec barre. Le mouvement doit rester contrôlé, avec une posture stable et une amplitude adaptée au niveau intermédiaire.","Gardez une posture stable et contrôlée Respirez de façon régulière pendant le mouvement Privilégiez une exécution propre plutôt qu’une charge trop lourde","images/developpe-couche-prise-serree.png"
"Extension triceps unilatérale","Triceps","Avant-bras","isolation","Poulie / haltère","débutant","Extension triceps unilatérale est un exercice de triceps réalisé avec poulie / haltère. Le mouvement doit rester contrôlé, avec une posture stable et une amplitude adaptée au niveau débutant.","Gardez une posture stable et contrôlée Respirez de façon régulière pendant le mouvement Privilégiez une exécution propre plutôt qu’une charge trop lourde","images/extension-triceps-unilaterale.png"
"Tate press","Triceps","Avant-bras","isolation","Haltères","intermédiaire","Tate press est un exercice de triceps réalisé avec haltères. Le mouvement doit rester contrôlé, avec une posture stable et une amplitude adaptée au niveau intermédiaire.","Gardez une posture stable et contrôlée Respirez de façon régulière pendant le mouvement Privilégiez une exécution propre plutôt qu’une charge trop lourde","images/tate-press.png"
"Extension triceps au-dessus de la tête poulie","Triceps","Avant-bras","isolation","Poulie","intermédiaire","Extension triceps au-dessus de la tête poulie est un exercice de triceps réalisé avec poulie. Le mouvement doit rester contrôlé, avec une posture stable et une amplitude adaptée au niveau intermédiaire.","Gardez une posture stable et contrôlée Respirez de façon régulière pendant le mouvement Privilégiez une exécution propre plutôt qu’une charge trop lourde","images/extension-triceps-au-dessus-de-la-tete-poulie.png"
"Squat arrière","Jambes - quadriceps","Ischio-jambiers; Mollets; Abdominaux","polyarticulaire","Barre","intermédiaire","Squat arrière est un exercice de jambes - quadriceps réalisé avec barre. Le mouvement doit rester contrôlé, avec une posture stable et une amplitude adaptée au niveau intermédiaire.","Gardez une posture stable et contrôlée Respirez de façon régulière pendant le mouvement Privilégiez une exécution propre plutôt qu’une charge trop lourde","images/squat-arriere.png"
"Squat avant","Jambes - quadriceps","Ischio-jambiers; Mollets; Abdominaux","polyarticulaire","Barre","avancé","Squat avant est un exercice de jambes - quadriceps réalisé avec barre. Le mouvement doit rester contrôlé, avec une posture stable et une amplitude adaptée au niveau avancé.","Gardez une posture stable et contrôlée Respirez de façon régulière pendant le mouvement Privilégiez une exécution propre plutôt qu’une charge trop lourde","images/squat-avant.png"
"Goblet squat","Jambes - quadriceps","Ischio-jambiers; Mollets; Abdominaux","polyarticulaire","Haltère / kettlebell","débutant","Goblet squat est un exercice de jambes - quadriceps réalisé avec haltère / kettlebell. Le mouvement doit rester contrôlé, avec une posture stable et une amplitude adaptée au niveau débutant.","Gardez une posture stable et contrôlée Respirez de façon régulière pendant le mouvement Privilégiez une exécution propre plutôt qu’une charge trop lourde","images/goblet-squat.png"
"Hack squat","Jambes - quadriceps","Ischio-jambiers; Mollets; Abdominaux","polyarticulaire","Machine","intermédiaire","Hack squat est un exercice de jambes - quadriceps réalisé avec machine. Le mouvement doit rester contrôlé, avec une posture stable et une amplitude adaptée au niveau intermédiaire.","Gardez une posture stable et contrôlée Respirez de façon régulière pendant le mouvement Privilégiez une exécution propre plutôt qu’une charge trop lourde","images/hack-squat.png"
"Presse à cuisses","Jambes - quadriceps","Ischio-jambiers; Mollets; Abdominaux","polyarticulaire","Machine","débutant","Presse à cuisses est un exercice de jambes - quadriceps réalisé avec machine. Le mouvement doit rester contrôlé, avec une posture stable et une amplitude adaptée au niveau débutant.","Gardez une posture stable et contrôlée Respirez de façon régulière pendant le mouvement Privilégiez une exécution propre plutôt qu’une charge trop lourde","images/presse-a-cuisses.png"
"Leg extension","Jambes - quadriceps","Fléchisseurs de hanche","isolation","Machine","débutant","Leg extension est un exercice de jambes - quadriceps réalisé avec machine. Le mouvement doit rester contrôlé, avec une posture stable et une amplitude adaptée au niveau débutant.","Gardez une posture stable et contrôlée Respirez de façon régulière pendant le mouvement Privilégiez une exécution propre plutôt qu’une charge trop lourde","images/leg-extension.png"
"Fentes avant","Jambes - quadriceps","Ischio-jambiers; Mollets; Abdominaux","polyarticulaire","Poids du corps / haltères","débutant","Fentes avant est un exercice de jambes - quadriceps réalisé avec poids du corps / haltères. Le mouvement doit rester contrôlé, avec une posture stable et une amplitude adaptée au niveau débutant.","Gardez une posture stable et contrôlée Respirez de façon régulière pendant le mouvement Privilégiez une exécution propre plutôt qu’une charge trop lourde","images/fentes-avant.png"
"Fentes marchées","Jambes - quadriceps","Ischio-jambiers; Mollets; Abdominaux","polyarticulaire","Poids du corps / haltères","intermédiaire","Fentes marchées est un exercice de jambes - quadriceps réalisé avec poids du corps / haltères. Le mouvement doit rester contrôlé, avec une posture stable et une amplitude adaptée au niveau intermédiaire.","Gardez une posture stable et contrôlée Respirez de façon régulière pendant le mouvement Privilégiez une exécution propre plutôt qu’une charge trop lourde","images/fentes-marchees.png"
"Fentes bulgares","Jambes - quadriceps","Ischio-jambiers; Mollets; Abdominaux","polyarticulaire","Haltères","intermédiaire","Fentes bulgares est un exercice de jambes - quadriceps réalisé avec haltères. Le mouvement doit rester contrôlé, avec une posture stable et une amplitude adaptée au niveau intermédiaire.","Gardez une posture stable et contrôlée Respirez de façon régulière pendant le mouvement Privilégiez une exécution propre plutôt qu’une charge trop lourde","images/fentes-bulgares.png"
"Step-up","Jambes - quadriceps","Ischio-jambiers; Mollets; Abdominaux","polyarticulaire","Banc / haltères","débutant","Step-up est un exercice de jambes - quadriceps réalisé avec banc / haltères. Le mouvement doit rester contrôlé, avec une posture stable et une amplitude adaptée au niveau débutant.","Gardez une posture stable et contrôlée Respirez de façon régulière pendant le mouvement Privilégiez une exécution propre plutôt qu’une charge trop lourde","images/step-up.png"
"Sissy squat","Jambes - quadriceps","Ischio-jambiers; Mollets; Abdominaux","polyarticulaire","Poids du corps","avancé","Sissy squat est un exercice de jambes - quadriceps réalisé avec poids du corps. Le mouvement doit rester contrôlé, avec une posture stable et une amplitude adaptée au niveau avancé.","Gardez une posture stable et contrôlée Respirez de façon régulière pendant le mouvement Privilégiez une exécution propre plutôt qu’une charge trop lourde","images/sissy-squat.png"
"Wall sit / chaise","Jambes - quadriceps","Ischio-jambiers; Mollets; Abdominaux","polyarticulaire","Poids du corps","débutant","Wall sit / chaise est un exercice de jambes - quadriceps réalisé avec poids du corps. Le mouvement doit rester contrôlé, avec une posture stable et une amplitude adaptée au niveau débutant.","Gardez une posture stable et contrôlée Respirez de façon régulière pendant le mouvement Privilégiez une exécution propre plutôt qu’une charge trop lourde","images/wall-sit-chaise.png"
"Squat sauté","Jambes - quadriceps","Ischio-jambiers; Mollets; Abdominaux","polyarticulaire","Poids du corps","intermédiaire","Squat sauté est un exercice de jambes - quadriceps réalisé avec poids du corps. Le mouvement doit rester contrôlé, avec une posture stable et une amplitude adaptée au niveau intermédiaire.","Gardez une posture stable et contrôlée Respirez de façon régulière pendant le mouvement Privilégiez une exécution propre plutôt qu’une charge trop lourde","images/squat-saute.png"
"Pistol squat assisté","Jambes - quadriceps","Ischio-jambiers; Mollets; Abdominaux","polyarticulaire","Poids du corps","avancé","Pistol squat assisté est un exercice de jambes - quadriceps réalisé avec poids du corps. Le mouvement doit rester contrôlé, avec une posture stable et une amplitude adaptée au niveau avancé.","Gardez une posture stable et contrôlée Respirez de façon régulière pendant le mouvement Privilégiez une exécution propre plutôt qu’une charge trop lourde","images/pistol-squat-assiste.png"
"Soulevé de terre roumain","Jambes - ischios / fessiers","Lombaires; Adducteurs; Abdominaux","polyarticulaire","Barre / haltères","intermédiaire","Soulevé de terre roumain est un exercice de jambes - ischios / fessiers réalisé avec barre / haltères. Le mouvement doit rester contrôlé, avec une posture stable et une amplitude adaptée au niveau intermédiaire.","Gardez une posture stable et contrôlée Respirez de façon régulière pendant le mouvement Privilégiez une exécution propre plutôt qu’une charge trop lourde","images/souleve-de-terre-roumain-jambes-ischios-fessiers.png"
"Soulevé de terre jambes tendues","Jambes - ischios / fessiers","Lombaires; Adducteurs; Abdominaux","polyarticulaire","Barre / haltères","intermédiaire","Soulevé de terre jambes tendues est un exercice de jambes - ischios / fessiers réalisé avec barre / haltères. Le mouvement doit rester contrôlé, avec une posture stable et une amplitude adaptée au niveau intermédiaire.","Gardez une posture stable et contrôlée Respirez de façon régulière pendant le mouvement Privilégiez une exécution propre plutôt qu’une charge trop lourde","images/souleve-de-terre-jambes-tendues.png"
"Hip thrust","Jambes - ischios / fessiers","Ischio-jambiers; Abdominaux","isolation","Barre / machine","intermédiaire","Hip thrust est un exercice de jambes - ischios / fessiers réalisé avec barre / machine. Le mouvement doit rester contrôlé, avec une posture stable et une amplitude adaptée au niveau intermédiaire.","Gardez une posture stable et contrôlée Respirez de façon régulière pendant le mouvement Privilégiez une exécution propre plutôt qu’une charge trop lourde","images/hip-thrust.png"
"Glute bridge","Jambes - ischios / fessiers","Ischio-jambiers; Abdominaux","isolation","Poids du corps / barre","débutant","Glute bridge est un exercice de jambes - ischios / fessiers réalisé avec poids du corps / barre. Le mouvement doit rester contrôlé, avec une posture stable et une amplitude adaptée au niveau débutant.","Gardez une posture stable et contrôlée Respirez de façon régulière pendant le mouvement Privilégiez une exécution propre plutôt qu’une charge trop lourde","images/glute-bridge.png"
"Leg curl allongé","Jambes - ischios / fessiers","Avant-bras","isolation","Machine","débutant","Leg curl allongé est un exercice de jambes - ischios / fessiers réalisé avec machine. Le mouvement doit rester contrôlé, avec une posture stable et une amplitude adaptée au niveau débutant.","Gardez une posture stable et contrôlée Respirez de façon régulière pendant le mouvement Privilégiez une exécution propre plutôt qu’une charge trop lourde","images/leg-curl-allonge.png"
"Leg curl assis","Jambes - ischios / fessiers","Avant-bras","isolation","Machine","débutant","Leg curl assis est un exercice de jambes - ischios / fessiers réalisé avec machine. Le mouvement doit rester contrôlé, avec une posture stable et une amplitude adaptée au niveau débutant.","Gardez une posture stable et contrôlée Respirez de façon régulière pendant le mouvement Privilégiez une exécution propre plutôt qu’une charge trop lourde","images/leg-curl-assis.png"
"Leg curl debout","Jambes - ischios / fessiers","Avant-bras","isolation","Machine","débutant","Leg curl debout est un exercice de jambes - ischios / fessiers réalisé avec machine. Le mouvement doit rester contrôlé, avec une posture stable et une amplitude adaptée au niveau débutant.","Gardez une posture stable et contrôlée Respirez de façon régulière pendant le mouvement Privilégiez une exécution propre plutôt qu’une charge trop lourde","images/leg-curl-debout.png"
"Good morning","Jambes - ischios / fessiers","Lombaires; Adducteurs; Abdominaux","polyarticulaire","Barre","avancé","Good morning est un exercice de jambes - ischios / fessiers réalisé avec barre. Le mouvement doit rester contrôlé, avec une posture stable et une amplitude adaptée au niveau avancé.","Gardez une posture stable et contrôlée Respirez de façon régulière pendant le mouvement Privilégiez une exécution propre plutôt qu’une charge trop lourde","images/good-morning.png"
"Pull-through","Jambes - ischios / fessiers","Ischio-jambiers; Abdominaux","isolation","Poulie","intermédiaire","Pull-through est un exercice de jambes - ischios / fessiers réalisé avec poulie. Le mouvement doit rester contrôlé, avec une posture stable et une amplitude adaptée au niveau intermédiaire.","Gardez une posture stable et contrôlée Respirez de façon régulière pendant le mouvement Privilégiez une exécution propre plutôt qu’une charge trop lourde","images/pull-through.png"
"Kettlebell swing","Jambes - ischios / fessiers","Lombaires; Abdominaux; Épaules","polyarticulaire","Kettlebell","intermédiaire","Kettlebell swing est un exercice de jambes - ischios / fessiers réalisé avec kettlebell. Le mouvement doit rester contrôlé, avec une posture stable et une amplitude adaptée au niveau intermédiaire.","Gardez une posture stable et contrôlée Respirez de façon régulière pendant le mouvement Privilégiez une exécution propre plutôt qu’une charge trop lourde","images/kettlebell-swing-jambes-ischios-fessiers.png"
"Fentes arrière","Jambes - ischios / fessiers","Ischio-jambiers; Mollets; Abdominaux","polyarticulaire","Poids du corps / haltères","débutant","Fentes arrière est un exercice de jambes - ischios / fessiers réalisé avec poids du corps / haltères. Le mouvement doit rester contrôlé, avec une posture stable et une amplitude adaptée au niveau débutant.","Gardez une posture stable et contrôlée Respirez de façon régulière pendant le mouvement Privilégiez une exécution propre plutôt qu’une charge trop lourde","images/fentes-arriere.png"
"Abduction hanche machine","Jambes - ischios / fessiers","Ischio-jambiers; Abdominaux","isolation","Machine","débutant","Abduction hanche machine est un exercice de jambes - ischios / fessiers réalisé avec machine. Le mouvement doit rester contrôlé, avec une posture stable et une amplitude adaptée au niveau débutant.","Gardez une posture stable et contrôlée Respirez de façon régulière pendant le mouvement Privilégiez une exécution propre plutôt qu’une charge trop lourde","images/abduction-hanche-machine.png"
"Kickback fessier poulie","Jambes - ischios / fessiers","Avant-bras","isolation","Poulie","débutant","Kickback fessier poulie est un exercice de jambes - ischios / fessiers réalisé avec poulie. Le mouvement doit rester contrôlé, avec une posture stable et une amplitude adaptée au niveau débutant.","Gardez une posture stable et contrôlée Respirez de façon régulière pendant le mouvement Privilégiez une exécution propre plutôt qu’une charge trop lourde","images/kickback-fessier-poulie.png"
"Donkey kicks","Jambes - ischios / fessiers","Ischio-jambiers; Abdominaux","isolation","Poids du corps","débutant","Donkey kicks est un exercice de jambes - ischios / fessiers réalisé avec poids du corps. Le mouvement doit rester contrôlé, avec une posture stable et une amplitude adaptée au niveau débutant.","Gardez une posture stable et contrôlée Respirez de façon régulière pendant le mouvement Privilégiez une exécution propre plutôt qu’une charge trop lourde","images/donkey-kicks.png"
"Fire hydrants","Jambes - ischios / fessiers","Ischio-jambiers; Abdominaux","isolation","Poids du corps","débutant","Fire hydrants est un exercice de jambes - ischios / fessiers réalisé avec poids du corps. Le mouvement doit rester contrôlé, avec une posture stable et une amplitude adaptée au niveau débutant.","Gardez une posture stable et contrôlée Respirez de façon régulière pendant le mouvement Privilégiez une exécution propre plutôt qu’une charge trop lourde","images/fire-hydrants.png"
"Nordic curl","Jambes - ischios / fessiers","Avant-bras","isolation","Poids du corps","avancé","Nordic curl est un exercice de jambes - ischios / fessiers réalisé avec poids du corps. Le mouvement doit rester contrôlé, avec une posture stable et une amplitude adaptée au niveau avancé.","Gardez une posture stable et contrôlée Respirez de façon régulière pendant le mouvement Privilégiez une exécution propre plutôt qu’une charge trop lourde","images/nordic-curl.png"
"Mollets debout","Mollets","Soléaire; Tibial postérieur","isolation","Machine / haltères","débutant","Mollets debout est un exercice de mollets réalisé avec machine / haltères. Le mouvement doit rester contrôlé, avec une posture stable et une amplitude adaptée au niveau débutant.","Gardez une posture stable et contrôlée Respirez de façon régulière pendant le mouvement Privilégiez une exécution propre plutôt qu’une charge trop lourde","images/mollets-debout.png"
"Mollets assis","Mollets","Soléaire; Tibial postérieur","isolation","Machine","débutant","Mollets assis est un exercice de mollets réalisé avec machine. Le mouvement doit rester contrôlé, avec une posture stable et une amplitude adaptée au niveau débutant.","Gardez une posture stable et contrôlée Respirez de façon régulière pendant le mouvement Privilégiez une exécution propre plutôt qu’une charge trop lourde","images/mollets-assis.png"
"Mollets à la presse","Mollets","Soléaire; Tibial postérieur","isolation","Machine","débutant","Mollets à la presse est un exercice de mollets réalisé avec machine. Le mouvement doit rester contrôlé, avec une posture stable et une amplitude adaptée au niveau débutant.","Gardez une posture stable et contrôlée Respirez de façon régulière pendant le mouvement Privilégiez une exécution propre plutôt qu’une charge trop lourde","images/mollets-a-la-presse.png"
"Mollets unilatéral","Mollets","Soléaire; Tibial postérieur","isolation","Poids du corps / haltère","débutant","Mollets unilatéral est un exercice de mollets réalisé avec poids du corps / haltère. Le mouvement doit rester contrôlé, avec une posture stable et une amplitude adaptée au niveau débutant.","Gardez une posture stable et contrôlée Respirez de façon régulière pendant le mouvement Privilégiez une exécution propre plutôt qu’une charge trop lourde","images/mollets-unilateral.png"
"Farmer walk sur pointes","Mollets","Soléaire; Tibial postérieur","isolation","Haltères","intermédiaire","Farmer walk sur pointes est un exercice de mollets réalisé avec haltères. Le mouvement doit rester contrôlé, avec une posture stable et une amplitude adaptée au niveau intermédiaire.","Gardez une posture stable et contrôlée Respirez de façon régulière pendant le mouvement Privilégiez une exécution propre plutôt qu’une charge trop lourde","images/farmer-walk-sur-pointes.png"
"Sauts à la corde","Mollets","Soléaire","isolation","Corde","débutant","Sauts à la corde est un exercice de mollets réalisé avec corde. Le mouvement doit rester contrôlé, avec une posture stable et une amplitude adaptée au niveau débutant.","Gardez une posture stable et contrôlée Respirez de façon régulière pendant le mouvement Privilégiez une exécution propre plutôt qu’une charge trop lourde","images/sauts-a-la-corde.png"
"Donkey calf raise","Mollets","Soléaire; Tibial postérieur","isolation","Machine / partenaire","intermédiaire","Donkey calf raise est un exercice de mollets réalisé avec machine / partenaire. Le mouvement doit rester contrôlé, avec une posture stable et une amplitude adaptée au niveau intermédiaire.","Gardez une posture stable et contrôlée Respirez de façon régulière pendant le mouvement Privilégiez une exécution propre plutôt qu’une charge trop lourde","images/donkey-calf-raise.png"
"Crunch","Abdos / gainage","Fléchisseurs de hanche; Obliques","isolation","Poids du corps","débutant","Crunch est un exercice de abdos / gainage réalisé avec poids du corps. Le mouvement doit rester contrôlé, avec une posture stable et une amplitude adaptée au niveau débutant.","Gardez une posture stable et contrôlée Respirez de façon régulière pendant le mouvement Privilégiez une exécution propre plutôt qu’une charge trop lourde","images/crunch.png"
"Crunch poulie haute","Abdos / gainage","Fléchisseurs de hanche; Obliques","isolation","Poulie","intermédiaire","Crunch poulie haute est un exercice de abdos / gainage réalisé avec poulie. Le mouvement doit rester contrôlé, avec une posture stable et une amplitude adaptée au niveau intermédiaire.","Gardez une posture stable et contrôlée Respirez de façon régulière pendant le mouvement Privilégiez une exécution propre plutôt qu’une charge trop lourde","images/crunch-poulie-haute.png"
"Relevé de jambes au sol","Abdos / gainage","Fléchisseurs de hanche; Obliques","isolation","Poids du corps","débutant","Relevé de jambes au sol est un exercice de abdos / gainage réalisé avec poids du corps. Le mouvement doit rester contrôlé, avec une posture stable et une amplitude adaptée au niveau débutant.","Gardez une posture stable et contrôlée Respirez de façon régulière pendant le mouvement Privilégiez une exécution propre plutôt qu’une charge trop lourde","images/releve-de-jambes-au-sol.png"
"Relevé de jambes suspendu","Abdos / gainage","Fléchisseurs de hanche; Obliques","isolation","Barre","intermédiaire","Relevé de jambes suspendu est un exercice de abdos / gainage réalisé avec barre. Le mouvement doit rester contrôlé, avec une posture stable et une amplitude adaptée au niveau intermédiaire.","Gardez une posture stable et contrôlée Respirez de façon régulière pendant le mouvement Privilégiez une exécution propre plutôt qu’une charge trop lourde","images/releve-de-jambes-suspendu.png"
"Relevé de genoux suspendu","Abdos / gainage","Fléchisseurs de hanche; Obliques","isolation","Barre","débutant","Relevé de genoux suspendu est un exercice de abdos / gainage réalisé avec barre. Le mouvement doit rester contrôlé, avec une posture stable et une amplitude adaptée au niveau débutant.","Gardez une posture stable et contrôlée Respirez de façon régulière pendant le mouvement Privilégiez une exécution propre plutôt qu’une charge trop lourde","images/releve-de-genoux-suspendu.png"
"Reverse crunch","Abdos / gainage","Fléchisseurs de hanche; Obliques","isolation","Poids du corps","débutant","Reverse crunch est un exercice de abdos / gainage réalisé avec poids du corps. Le mouvement doit rester contrôlé, avec une posture stable et une amplitude adaptée au niveau débutant.","Gardez une posture stable et contrôlée Respirez de façon régulière pendant le mouvement Privilégiez une exécution propre plutôt qu’une charge trop lourde","images/reverse-crunch.png"
"Sit-up","Abdos / gainage","Fléchisseurs de hanche; Obliques","isolation","Poids du corps","débutant","Sit-up est un exercice de abdos / gainage réalisé avec poids du corps. Le mouvement doit rester contrôlé, avec une posture stable et une amplitude adaptée au niveau débutant.","Gardez une posture stable et contrôlée Respirez de façon régulière pendant le mouvement Privilégiez une exécution propre plutôt qu’une charge trop lourde","images/sit-up.png"
"Planche","Abdos / gainage","Fessiers; Lombaires; Épaules","polyarticulaire","Poids du corps","débutant","Planche est un exercice de abdos / gainage réalisé avec poids du corps. Le mouvement doit rester contrôlé, avec une posture stable et une amplitude adaptée au niveau débutant.","Gardez une posture stable et contrôlée Respirez de façon régulière pendant le mouvement Privilégiez une exécution propre plutôt qu’une charge trop lourde","images/planche.png"
"Planche latérale","Abdos / gainage","Fessiers; Lombaires; Épaules","polyarticulaire","Poids du corps","débutant","Planche latérale est un exercice de abdos / gainage réalisé avec poids du corps. Le mouvement doit rester contrôlé, avec une posture stable et une amplitude adaptée au niveau débutant.","Gardez une posture stable et contrôlée Respirez de façon régulière pendant le mouvement Privilégiez une exécution propre plutôt qu’une charge trop lourde","images/planche-laterale.png"
"Dead bug","Abdos / gainage","Fessiers; Lombaires; Épaules","polyarticulaire","Poids du corps","débutant","Dead bug est un exercice de abdos / gainage réalisé avec poids du corps. Le mouvement doit rester contrôlé, avec une posture stable et une amplitude adaptée au niveau débutant.","Gardez une posture stable et contrôlée Respirez de façon régulière pendant le mouvement Privilégiez une exécution propre plutôt qu’une charge trop lourde","images/dead-bug.png"
"Hollow hold","Abdos / gainage","Fessiers; Lombaires; Épaules","polyarticulaire","Poids du corps","intermédiaire","Hollow hold est un exercice de abdos / gainage réalisé avec poids du corps. Le mouvement doit rester contrôlé, avec une posture stable et une amplitude adaptée au niveau intermédiaire.","Gardez une posture stable et contrôlée Respirez de façon régulière pendant le mouvement Privilégiez une exécution propre plutôt qu’une charge trop lourde","images/hollow-hold.png"
"Mountain climbers","Abdos / gainage","Transverse; Fléchisseurs de hanche","polyarticulaire","Poids du corps","débutant","Mountain climbers est un exercice de abdos / gainage réalisé avec poids du corps. Le mouvement doit rester contrôlé, avec une posture stable et une amplitude adaptée au niveau débutant.","Gardez une posture stable et contrôlée Respirez de façon régulière pendant le mouvement Privilégiez une exécution propre plutôt qu’une charge trop lourde","images/mountain-climbers-abdos-gainage.png"
"Russian twist","Abdos / gainage","Transverse; Fléchisseurs de hanche","polyarticulaire","Poids du corps / disque","débutant","Russian twist est un exercice de abdos / gainage réalisé avec poids du corps / disque. Le mouvement doit rester contrôlé, avec une posture stable et une amplitude adaptée au niveau débutant.","Gardez une posture stable et contrôlée Respirez de façon régulière pendant le mouvement Privilégiez une exécution propre plutôt qu’une charge trop lourde","images/russian-twist.png"
"Woodchopper","Abdos / gainage","Transverse; Fléchisseurs de hanche","polyarticulaire","Poulie / élastique","intermédiaire","Woodchopper est un exercice de abdos / gainage réalisé avec poulie / élastique. Le mouvement doit rester contrôlé, avec une posture stable et une amplitude adaptée au niveau intermédiaire.","Gardez une posture stable et contrôlée Respirez de façon régulière pendant le mouvement Privilégiez une exécution propre plutôt qu’une charge trop lourde","images/woodchopper.png"
"Pallof press","Abdos / gainage","Fessiers; Lombaires; Épaules","polyarticulaire","Poulie / élastique","débutant","Pallof press est un exercice de abdos / gainage réalisé avec poulie / élastique. Le mouvement doit rester contrôlé, avec une posture stable et une amplitude adaptée au niveau débutant.","Gardez une posture stable et contrôlée Respirez de façon régulière pendant le mouvement Privilégiez une exécution propre plutôt qu’une charge trop lourde","images/pallof-press.png"
"Ab wheel rollout","Abdos / gainage","Fessiers; Lombaires; Épaules","polyarticulaire","Roue abdominale","intermédiaire","Ab wheel rollout est un exercice de abdos / gainage réalisé avec roue abdominale. Le mouvement doit rester contrôlé, avec une posture stable et une amplitude adaptée au niveau intermédiaire.","Gardez une posture stable et contrôlée Respirez de façon régulière pendant le mouvement Privilégiez une exécution propre plutôt qu’une charge trop lourde","images/ab-wheel-rollout.png"
"Gainage Superman","Abdos / gainage","Fessiers; Ischio-jambiers","isolation","Poids du corps","débutant","Gainage Superman est un exercice de abdos / gainage réalisé avec poids du corps. Le mouvement doit rester contrôlé, avec une posture stable et une amplitude adaptée au niveau débutant.","Gardez une posture stable et contrôlée Respirez de façon régulière pendant le mouvement Privilégiez une exécution propre plutôt qu’une charge trop lourde","images/gainage-superman.png"
"Curl poignets","Avant-bras / grip","Avant-bras","isolation","Barre / haltères","débutant","Curl poignets est un exercice de avant-bras / grip réalisé avec barre / haltères. Le mouvement doit rester contrôlé, avec une posture stable et une amplitude adaptée au niveau débutant.","Gardez une posture stable et contrôlée Respirez de façon régulière pendant le mouvement Privilégiez une exécution propre plutôt qu’une charge trop lourde","images/curl-poignets.png"
"Curl poignets inversé","Avant-bras / grip","Avant-bras","isolation","Barre / haltères","débutant","Curl poignets inversé est un exercice de avant-bras / grip réalisé avec barre / haltères. Le mouvement doit rester contrôlé, avec une posture stable et une amplitude adaptée au niveau débutant.","Gardez une posture stable et contrôlée Respirez de façon régulière pendant le mouvement Privilégiez une exécution propre plutôt qu’une charge trop lourde","images/curl-poignets-inverse.png"
"Farmer walk","Avant-bras / grip","Biceps; Trapèzes","isolation","Haltères / kettlebells","intermédiaire","Farmer walk est un exercice de avant-bras / grip réalisé avec haltères / kettlebells. Le mouvement doit rester contrôlé, avec une posture stable et une amplitude adaptée au niveau intermédiaire.","Gardez une posture stable et contrôlée Respirez de façon régulière pendant le mouvement Privilégiez une exécution propre plutôt qu’une charge trop lourde","images/farmer-walk-avant-bras-grip.png"
"Dead hang","Avant-bras / grip","Biceps; Trapèzes","isolation","Barre de traction","débutant","Dead hang est un exercice de avant-bras / grip réalisé avec barre de traction. Le mouvement doit rester contrôlé, avec une posture stable et une amplitude adaptée au niveau débutant.","Gardez une posture stable et contrôlée Respirez de façon régulière pendant le mouvement Privilégiez une exécution propre plutôt qu’une charge trop lourde","images/dead-hang.png"
"Plate pinch","Avant-bras / grip","Biceps; Trapèzes","isolation","Disques","intermédiaire","Plate pinch est un exercice de avant-bras / grip réalisé avec disques. Le mouvement doit rester contrôlé, avec une posture stable et une amplitude adaptée au niveau intermédiaire.","Gardez une posture stable et contrôlée Respirez de façon régulière pendant le mouvement Privilégiez une exécution propre plutôt qu’une charge trop lourde","images/plate-pinch.png"
"Curl inversé","Avant-bras / grip","Avant-bras","isolation","Barre / haltères","intermédiaire","Curl inversé est un exercice de avant-bras / grip réalisé avec barre / haltères. Le mouvement doit rester contrôlé, avec une posture stable et une amplitude adaptée au niveau intermédiaire.","Gardez une posture stable et contrôlée Respirez de façon régulière pendant le mouvement Privilégiez une exécution propre plutôt qu’une charge trop lourde","images/curl-inverse-avant-bras-grip.png"
"Wrist roller","Avant-bras / grip","Biceps; Trapèzes","isolation","Rouleau poignet","intermédiaire","Wrist roller est un exercice de avant-bras / grip réalisé avec rouleau poignet. Le mouvement doit rester contrôlé, avec une posture stable et une amplitude adaptée au niveau intermédiaire.","Gardez une posture stable et contrôlée Respirez de façon régulière pendant le mouvement Privilégiez une exécution propre plutôt qu’une charge trop lourde","images/wrist-roller.png"
"Burpees","Full body / fonctionnel","Abdominaux; Fessiers; Dos","polyarticulaire","Poids du corps","intermédiaire","Burpees est un exercice de full body / fonctionnel réalisé avec poids du corps. Le mouvement doit rester contrôlé, avec une posture stable et une amplitude adaptée au niveau intermédiaire.","Gardez une posture stable et contrôlée Respirez de façon régulière pendant le mouvement Privilégiez une exécution propre plutôt qu’une charge trop lourde","images/burpees-full-body-fonctionnel.png"
"Thruster","Full body / fonctionnel","Abdominaux; Fessiers; Dos","polyarticulaire","Haltères / barre","intermédiaire","Thruster est un exercice de full body / fonctionnel réalisé avec haltères / barre. Le mouvement doit rester contrôlé, avec une posture stable et une amplitude adaptée au niveau intermédiaire.","Gardez une posture stable et contrôlée Respirez de façon régulière pendant le mouvement Privilégiez une exécution propre plutôt qu’une charge trop lourde","images/thruster.png"
"Clean and press","Full body / fonctionnel","Abdominaux; Fessiers; Dos","polyarticulaire","Barre / haltères","avancé","Clean and press est un exercice de full body / fonctionnel réalisé avec barre / haltères. Le mouvement doit rester contrôlé, avec une posture stable et une amplitude adaptée au niveau avancé.","Gardez une posture stable et contrôlée Respirez de façon régulière pendant le mouvement Privilégiez une exécution propre plutôt qu’une charge trop lourde","images/clean-and-press.png"
"Turkish get-up","Full body / fonctionnel","Abdominaux; Fessiers; Dos","polyarticulaire","Kettlebell","avancé","Turkish get-up est un exercice de full body / fonctionnel réalisé avec kettlebell. Le mouvement doit rester contrôlé, avec une posture stable et une amplitude adaptée au niveau avancé.","Gardez une posture stable et contrôlée Respirez de façon régulière pendant le mouvement Privilégiez une exécution propre plutôt qu’une charge trop lourde","images/turkish-get-up.png"
"Farmer walk","Full body / fonctionnel","Biceps; Trapèzes","isolation","Haltères / kettlebells","intermédiaire","Farmer walk est un exercice de full body / fonctionnel réalisé avec haltères / kettlebells. Le mouvement doit rester contrôlé, avec une posture stable et une amplitude adaptée au niveau intermédiaire.","Gardez une posture stable et contrôlée Respirez de façon régulière pendant le mouvement Privilégiez une exécution propre plutôt qu’une charge trop lourde","images/farmer-walk-full-body-fonctionnel.png"
"Sled push","Full body / fonctionnel","Abdominaux; Fessiers; Dos","polyarticulaire","Traîneau","intermédiaire","Sled push est un exercice de full body / fonctionnel réalisé avec traîneau. Le mouvement doit rester contrôlé, avec une posture stable et une amplitude adaptée au niveau intermédiaire.","Gardez une posture stable et contrôlée Respirez de façon régulière pendant le mouvement Privilégiez une exécution propre plutôt qu’une charge trop lourde","images/sled-push.png"
"Battle rope","Full body / fonctionnel","Abdominaux; Fessiers; Dos","polyarticulaire","Cordes","débutant","Battle rope est un exercice de full body / fonctionnel réalisé avec cordes. Le mouvement doit rester contrôlé, avec une posture stable et une amplitude adaptée au niveau débutant.","Gardez une posture stable et contrôlée Respirez de façon régulière pendant le mouvement Privilégiez une exécution propre plutôt qu’une charge trop lourde","images/battle-rope.png"
"Med ball slam","Full body / fonctionnel","Abdominaux; Fessiers; Dos","polyarticulaire","Médecine ball","débutant","Med ball slam est un exercice de full body / fonctionnel réalisé avec médecine ball. Le mouvement doit rester contrôlé, avec une posture stable et une amplitude adaptée au niveau débutant.","Gardez une posture stable et contrôlée Respirez de façon régulière pendant le mouvement Privilégiez une exécution propre plutôt qu’une charge trop lourde","images/med-ball-slam.png"
"Bear crawl","Full body / fonctionnel","Abdominaux; Fessiers; Dos","polyarticulaire","Poids du corps","débutant","Bear crawl est un exercice de full body / fonctionnel réalisé avec poids du corps. Le mouvement doit rester contrôlé, avec une posture stable et une amplitude adaptée au niveau débutant.","Gardez une posture stable et contrôlée Respirez de façon régulière pendant le mouvement Privilégiez une exécution propre plutôt qu’une charge trop lourde","images/bear-crawl.png"
"Jumping jacks","Full body / fonctionnel","Abdominaux; Fessiers; Dos","polyarticulaire","Poids du corps","débutant","Jumping jacks est un exercice de full body / fonctionnel réalisé avec poids du corps. Le mouvement doit rester contrôlé, avec une posture stable et une amplitude adaptée au niveau débutant.","Gardez une posture stable et contrôlée Respirez de façon régulière pendant le mouvement Privilégiez une exécution propre plutôt qu’une charge trop lourde","images/jumping-jacks.png"
"Kettlebell swing","Full body / fonctionnel","Lombaires; Abdominaux; Épaules","polyarticulaire","Kettlebell","intermédiaire","Kettlebell swing est un exercice de full body / fonctionnel réalisé avec kettlebell. Le mouvement doit rester contrôlé, avec une posture stable et une amplitude adaptée au niveau intermédiaire.","Gardez une posture stable et contrôlée Respirez de façon régulière pendant le mouvement Privilégiez une exécution propre plutôt qu’une charge trop lourde","images/kettlebell-swing-full-body-fonctionnel.png"
"Renegade row","Full body / fonctionnel","Biceps; Deltoïdes postérieurs; Avant-bras","polyarticulaire","Haltères","intermédiaire","Renegade row est un exercice de full body / fonctionnel réalisé avec haltères. Le mouvement doit rester contrôlé, avec une posture stable et une amplitude adaptée au niveau intermédiaire.","Gardez une posture stable et contrôlée Respirez de façon régulière pendant le mouvement Privilégiez une exécution propre plutôt qu’une charge trop lourde","images/renegade-row.png"
"Course tapis","Cardio / HIIT","Quadriceps; Fessiers; Mollets; Abdominaux","polyarticulaire","Tapis","débutant","Course tapis est un exercice de cardio / hiit réalisé avec tapis. Le mouvement doit rester contrôlé, avec une posture stable et une amplitude adaptée au niveau débutant.","Gardez une posture stable et contrôlée Respirez de façon régulière pendant le mouvement Privilégiez une exécution propre plutôt qu’une charge trop lourde","images/course-tapis.png"
"Vélo","Cardio / HIIT","Quadriceps; Fessiers; Mollets; Abdominaux","polyarticulaire","Vélo","débutant","Vélo est un exercice de cardio / hiit réalisé avec vélo. Le mouvement doit rester contrôlé, avec une posture stable et une amplitude adaptée au niveau débutant.","Gardez une posture stable et contrôlée Respirez de façon régulière pendant le mouvement Privilégiez une exécution propre plutôt qu’une charge trop lourde","images/velo.png"
"Rameur","Cardio / HIIT","Quadriceps; Fessiers; Mollets; Abdominaux","polyarticulaire","Rameur","débutant","Rameur est un exercice de cardio / hiit réalisé avec rameur. Le mouvement doit rester contrôlé, avec une posture stable et une amplitude adaptée au niveau débutant.","Gardez une posture stable et contrôlée Respirez de façon régulière pendant le mouvement Privilégiez une exécution propre plutôt qu’une charge trop lourde","images/rameur.png"
"Vélo elliptique","Cardio / HIIT","Quadriceps; Fessiers; Mollets; Abdominaux","polyarticulaire","Machine","débutant","Vélo elliptique est un exercice de cardio / hiit réalisé avec machine. Le mouvement doit rester contrôlé, avec une posture stable et une amplitude adaptée au niveau débutant.","Gardez une posture stable et contrôlée Respirez de façon régulière pendant le mouvement Privilégiez une exécution propre plutôt qu’une charge trop lourde","images/velo-elliptique.png"
"Assault bike","Cardio / HIIT","Quadriceps; Fessiers; Mollets; Abdominaux","polyarticulaire","Machine","intermédiaire","Assault bike est un exercice de cardio / hiit réalisé avec machine. Le mouvement doit rester contrôlé, avec une posture stable et une amplitude adaptée au niveau intermédiaire.","Gardez une posture stable et contrôlée Respirez de façon régulière pendant le mouvement Privilégiez une exécution propre plutôt qu’une charge trop lourde","images/assault-bike.png"
"Corde à sauter","Cardio / HIIT","Quadriceps; Fessiers; Mollets; Abdominaux","polyarticulaire","Corde","débutant","Corde à sauter est un exercice de cardio / hiit réalisé avec corde. Le mouvement doit rester contrôlé, avec une posture stable et une amplitude adaptée au niveau débutant.","Gardez une posture stable et contrôlée Respirez de façon régulière pendant le mouvement Privilégiez une exécution propre plutôt qu’une charge trop lourde","images/corde-a-sauter.png"
"Sprint","Cardio / HIIT","Quadriceps; Fessiers; Mollets; Abdominaux","polyarticulaire","Aucun","intermédiaire","Sprint est un exercice de cardio / hiit réalisé avec aucun. Le mouvement doit rester contrôlé, avec une posture stable et une amplitude adaptée au niveau intermédiaire.","Gardez une posture stable et contrôlée Respirez de façon régulière pendant le mouvement Privilégiez une exécution propre plutôt qu’une charge trop lourde","images/sprint.png"
"Montées de genoux","Cardio / HIIT","Quadriceps; Fessiers; Mollets; Abdominaux","polyarticulaire","Poids du corps","débutant","Montées de genoux est un exercice de cardio / hiit réalisé avec poids du corps. Le mouvement doit rester contrôlé, avec une posture stable et une amplitude adaptée au niveau débutant.","Gardez une posture stable et contrôlée Respirez de façon régulière pendant le mouvement Privilégiez une exécution propre plutôt qu’une charge trop lourde","images/montees-de-genoux.png"
"Jump squat","Cardio / HIIT","Ischio-jambiers; Mollets; Abdominaux","polyarticulaire","Poids du corps","intermédiaire","Jump squat est un exercice de cardio / hiit réalisé avec poids du corps. Le mouvement doit rester contrôlé, avec une posture stable et une amplitude adaptée au niveau intermédiaire.","Gardez une posture stable et contrôlée Respirez de façon régulière pendant le mouvement Privilégiez une exécution propre plutôt qu’une charge trop lourde","images/jump-squat.png"
"Burpees","Cardio / HIIT","Abdominaux; Fessiers; Dos","polyarticulaire","Poids du corps","intermédiaire","Burpees est un exercice de cardio / hiit réalisé avec poids du corps. Le mouvement doit rester contrôlé, avec une posture stable et une amplitude adaptée au niveau intermédiaire.","Gardez une posture stable et contrôlée Respirez de façon régulière pendant le mouvement Privilégiez une exécution propre plutôt qu’une charge trop lourde","images/burpees-cardio-hiit.png"
"Mountain climbers","Cardio / HIIT","Transverse; Fléchisseurs de hanche","polyarticulaire","Poids du corps","débutant","Mountain climbers est un exercice de cardio / hiit réalisé avec poids du corps. Le mouvement doit rester contrôlé, avec une posture stable et une amplitude adaptée au niveau débutant.","Gardez une posture stable et contrôlée Respirez de façon régulière pendant le mouvement Privilégiez une exécution propre plutôt qu’une charge trop lourde","images/mountain-climbers-cardio-hiit.png"
"Shadow boxing","Cardio / HIIT","Quadriceps; Fessiers; Mollets; Abdominaux","polyarticulaire","Aucun","débutant","Shadow boxing est un exercice de cardio / hiit réalisé avec aucun. Le mouvement doit rester contrôlé, avec une posture stable et une amplitude adaptée au niveau débutant.","Gardez une posture stable et contrôlée Respirez de façon régulière pendant le mouvement Privilégiez une exécution propre plutôt qu’une charge trop lourde","images/shadow-boxing.png"
